clicks_per_min,checkout_speed_sec,total_spend,failed_login,distance_km
20.21835427745241,491.8242147061382,102.4288177938424,0.0,0.0
25.827536431831696,391.5513427179797,74.42829844252795,0.0,0.0
26.299031487565014,280.8570500443881,45.52400522100494,0.0,0.0
20.456075907265472,432.5918289799162,96.55983680956896,0.0,0.0
32.99639041031901,271.39530995904613,110.03996482366074,0.0,0.0
28.662285127950604,363.58451220520135,68.52737565739807,0.0,0.0
25.57226189547501,562.0069669515296,76.09006115931135,0.0,0.0
24.966462104925917,558.9177340439808,91.20701084609648,0.0,0.0
34.239615694113965,208.86380584253743,69.3378975287542,0.0,0.0
29.894816735902527,316.4803230312207,91.94688298827269,0.0,0.0
14.017034331488892,437.6828111277017,38.311868356189,0.0,0.0
22.459194318486993,436.4898826587757,90.16807647840457,1.0,0.0
25.688952002101587,440.0948436221301,109.36095232927043,0.0,0.0
22.578406464502194,135.16134951630818,69.37860045479803,0.0,0.0
29.71493028061327,432.0965243511136,94.76563997906922,0.0,0.0
12.1377132713617,429.9891900744989,61.29281758773497,1.0,0.0
12.1336866248442,415.99215096995425,117.37627601076883,0.0,0.0
31.65159723751021,435.7657462094573,87.82713550243233,0.0,0.0
18.12958305066868,454.2186124215071,54.92052623299138,0.0,0.0
19.41158417195124,589.0436084262324,58.9629601194262,0.0,0.0
12.99405329548128,467.68263222179576,69.28500211649954,0.0,0.0
18.372640366427152,362.94809416331714,108.0326008068253,0.0,0.0
12.751298113191918,128.57948867203862,49.75673238225156,0.0,0.0
30.972452161148354,525.2913997150156,50.47086172150796,0.0,0.0
13.900466011060914,321.0098519481951,71.97629628480546,0.0,0.0
25.838242769022365,227.43245511485907,66.63061669733648,0.0,0.0
28.686773453343914,428.1463202127677,95.44724145062571,0.0,0.0
10.51461235739506,159.7433606040607,118.17409628083513,1.0,0.0
24.269457616722796,379.20571901016507,75.49041644234974,0.0,0.0
33.302957062090314,129.21229287506722,62.395504224808214,1.0,0.0
34.29455206802402,231.20241666405283,35.920229782583576,0.0,0.0
10.455545641288744,196.5814464543304,77.32112252852787,0.0,0.0
11.407581892045934,400.97009491044105,44.26126013868958,0.0,0.0
31.304537507963502,350.00730126227086,42.279490022022195,0.0,0.0
33.53662021941313,337.11277656878406,46.40684481698345,0.0,0.0
32.871609755511216,286.02386733741923,61.616795351151936,0.0,0.0
13.859067881855058,495.37348208178526,99.68336291472755,0.0,0.0
14.291982146207587,196.83438477819504,42.51046907681006,0.0,0.0
23.283865789203702,351.130728726024,79.86518638093106,0.0,0.0
21.716516049853155,506.7216734160255,123.95868635551486,0.0,0.0
24.58479486915301,335.8966314342348,10.0,0.0,0.0
19.52227141577554,474.4556204406367,92.7075961800266,0.0,0.0
18.954067950821013,440.7421433064078,24.90344088983116,0.0,0.0
22.18577995623784,222.48545582912251,58.749401639827546,0.0,0.0
20.315441922785663,342.0590192348718,31.28670066904548,0.0,0.0
27.037568055598232,334.6572194423211,66.06386442973933,0.0,0.0
22.113074629775532,534.1425972207496,73.1058928366135,1.0,0.0
17.923050128906944,275.3329051917798,102.14955290437581,0.0,0.0
16.447192135830058,391.21055657232773,79.42052180348495,0.0,0.0
16.701591020571907,434.9576820869143,73.78369121073872,0.0,0.0
11.369040970550783,300.4263768699693,118.47249159493947,0.0,0.0
13.676837023225948,256.7389929417229,66.80263208717706,0.0,0.0
415.5614100502169,2.663905957930509,1612.4920530885609,0.0,0.0
23.315431661375577,453.669385942845,66.78453810627539,1.0,0.0
13.438023603649832,244.6818162049566,83.14490791455417,0.0,0.0
21.456322262287916,382.8443405537934,59.68906563398905,0.0,0.0
15.038923296866558,121.07551958838246,805.7439574472911,17.0,8185.704439766999
21.717328994874258,440.44482507052066,52.953133719307054,0.0,0.0
22.312942345471598,567.3734906448084,68.96855863453644,0.0,0.0
14.881074694951113,169.20466943552606,91.81434253006827,0.0,0.0
32.250133545439155,549.1676177659845,58.6481079218144,0.0,0.0
26.147931033290032,232.18179931700786,85.96189347024318,0.0,0.0
15.286200174913617,181.62925893798013,93.52060863550315,0.0,0.0
10.913741696202372,437.45789331379893,92.38844393914444,0.0,0.0
30.958217617778445,276.97591755035455,74.3369685187735,0.0,0.0
33.71133267405392,199.1111115501298,100.88123336809382,0.0,0.0
32.52895026227472,134.38732313888542,153.44371334149986,0.0,0.0
10.85971302788046,250.6296658703821,72.93298285393251,1.0,0.0
13.90381493415476,374.545023959596,53.43060589892198,0.0,0.0
23.48355604789127,257.8747159939592,10.0,0.0,0.0
10.115800575115072,496.80794104178733,54.793356958976844,0.0,0.0
22.31545234982174,463.7523236271329,41.35322691316963,0.0,0.0
20.435275078719474,497.445606919465,58.85089552188661,0.0,0.0
25.286355885866193,125.29500692575067,104.81268781194937,0.0,0.0
32.463854713176985,446.4675704449442,66.9419882697165,0.0,0.0
20.936873050593228,551.0546634959937,30.77310237777204,0.0,0.0
31.325236386684,182.44139526270334,68.51133306040207,0.0,0.0
18.058846124368074,385.82507554194063,125.59015548074098,0.0,0.0
34.82411990298251,583.2569742893019,74.26842965787554,0.0,0.0
21.478393905956533,269.42769559488175,58.547087773118584,0.0,0.0
15.940938599809993,454.0898966658203,87.11832043236187,0.0,0.0
22.907508707529885,216.25186881616162,64.26744438706851,0.0,0.0
15.731284880816037,364.52262151189905,70.27199023057416,0.0,0.0
12.99663418334207,320.4387723767656,62.93141194544919,0.0,0.0
19.913569558031753,288.7788898750245,54.439501690444985,0.0,0.0
18.019501624293397,163.91368195092235,126.56312298107862,0.0,0.0
17.12101235943669,230.72150962452417,82.46882270914216,0.0,0.0
11.018220057974254,368.5015888246615,87.71812558074835,0.0,0.0
28.863571852117058,139.2524118779916,69.62697424278161,0.0,0.0
29.41032401854992,469.04115348782784,33.437700299108144,0.0,0.0
30.661436652693542,468.1236769992655,109.89209526974889,0.0,0.0
28.20540871529649,193.87003504313043,53.841083625228165,0.0,0.0
12.989856148457543,378.95582034016184,14.39399349317646,0.0,0.0
22.58543177137142,523.1334253760258,75.01319897141494,0.0,0.0
24.94749947027713,507.14935097349587,122.11465764836522,0.0,0.0
17.982840939760372,557.9344058960116,44.141278203001946,0.0,0.0
25.91026028159451,373.88982433306177,41.08545488441487,0.0,0.0
25.50181889821284,427.59663105129897,28.336501215984597,0.0,0.0
33.619143247060705,295.901536738271,54.57278422329523,0.0,0.0
12.36107401889821,538.4561119642568,78.99640979993501,0.0,0.0
21.30544852224518,523.6183581244429,50.04848431713968,0.0,0.0
27.575473972379445,200.1762941241961,68.69116244684281,0.0,0.0
27.45404285049363,358.6438867240451,91.39751941324403,0.0,0.0
29.281758667148644,533.7804724748705,94.15200695961725,0.0,0.0
32.45135723601784,262.3370790180745,91.71854138981281,0.0,0.0
33.02104706543431,354.3557457704535,86.5515223312974,0.0,0.0
19.09074005948235,595.7609405457488,67.7047182771114,0.0,0.0
34.06621036694813,338.50567155926456,38.56121251337674,0.0,0.0
15.716070137586568,229.0894210863127,95.73687104829371,0.0,0.0
28.598657314316924,340.70420340927365,93.2691029766631,0.0,0.0
29.224685379512763,275.80119835212975,75.03013688405561,0.0,0.0
32.48936433186421,152.7227085050369,73.34668463435443,0.0,0.0
19.30045214481958,536.7708025960226,107.60850607195381,0.0,0.0
31.161307293362956,178.26477092276588,35.893959707223715,0.0,0.0
16.060243310377004,419.3211302413247,49.62264520430328,0.0,0.0
27.416270596922306,484.9391150986248,83.69191208845841,0.0,0.0
24.5914027962718,452.460457068559,70.12729299118297,0.0,0.0
11.588958757150591,177.87210517309381,84.18413767040445,0.0,0.0
19.059847477915827,414.68812068482964,97.1913856468459,0.0,0.0
29.95737947416938,310.84531102214123,79.73954041496859,0.0,0.0
30.873255919982476,539.1949996131877,68.20862224184867,0.0,0.0
393.53624249697543,2.947878887751539,2696.320924798806,0.0,0.0
13.360366923474356,292.8654755863291,127.23846804236933,1.0,0.0
15.61512057349955,138.444647501916,65.40071820119121,0.0,0.0
10.898556844918552,296.89264498740533,98.82186368007348,0.0,0.0
18.218790257187706,250.8595203520962,54.518553506962554,0.0,0.0
15.040683001193614,203.29176719352415,120.10870274466858,0.0,0.0
14.548203262381778,489.22711096230415,58.49197151316382,0.0,0.0
33.767857660247905,439.2176037822026,75.36720486822993,0.0,0.0
22.344889909109767,415.6143303275062,87.89848044260249,0.0,0.0
20.37048755844163,507.76605213180414,70.9233259014059,0.0,0.0
16.966161605915286,288.0601244000304,39.043050542065835,0.0,0.0
12.536788571650803,196.13045054067538,99.95777245369901,0.0,0.0
36.031920198068015,193.5788228405168,1107.1352808835768,16.0,5808.265574309216
29.87028258854121,582.2361618523174,90.86803671404425,0.0,0.0
34.92185629614868,154.6004812793632,47.49614417570763,0.0,0.0
27.399355152342448,154.77450614138826,56.19608986023542,0.0,0.0
21.84904100657181,352.10191042556386,71.6430209453424,0.0,0.0
17.303616213380455,471.63460666092016,113.55274881419689,0.0,0.0
30.186003879101563,262.22789781887525,85.9139951039417,0.0,0.0
24.121028331565412,203.57248096036048,67.65082630839544,0.0,0.0
13.189507569889095,369.14869963596976,102.8580423667218,0.0,0.0
21.550145091103317,296.524488421099,85.91846379333774,0.0,0.0
30.74354509268004,217.93710462187144,81.7873827706412,0.0,0.0
22.64721697211165,489.2663489478431,92.00540263626124,0.0,0.0
20.72485068437546,298.0986062326093,64.72964280113538,1.0,0.0
28.376776095097146,587.900717830456,109.81163250160822,0.0,0.0
19.71693224223705,226.18053207340907,83.07919285461954,0.0,0.0
14.073360677035742,379.82224094451385,86.04851623923523,1.0,0.0
26.716080498110774,501.81598117907004,59.590964799013065,0.0,0.0
30.087023259621215,432.1563294465297,68.74883713502618,0.0,0.0
33.39146075745626,84.824187566516,1487.336158579546,8.0,9215.206924499686
32.388080712405014,539.2431542791971,69.7694531563868,0.0,0.0
17.09439764496811,152.45403052426315,92.88453288603111,0.0,0.0
27.29737994231733,181.8575363872537,83.10898204304007,0.0,0.0
10.173803263279767,224.7618661752308,70.427588972379,0.0,0.0
27.86489806750156,532.8587506508181,91.78350191126164,1.0,0.0
23.718344734164653,516.3920402710861,52.4074534817468,0.0,0.0
28.142987709709,436.26502571167543,40.50954588027674,0.0,0.0
12.212312551297988,452.2927509685692,62.77876445534315,0.0,0.0
40.01515917257126,280.41541009957393,596.6448342877522,13.0,6222.761305652524
32.313974962249446,290.2186356675727,48.19652470035983,0.0,0.0
13.422140751720182,415.6730161248859,84.76739802320361,0.0,0.0
34.74900580974863,569.7397550549101,79.61851447239312,0.0,0.0
11.924497745719824,421.20262234481766,103.71593373571788,0.0,0.0
16.294557395634104,431.8303915163369,73.05407007467996,0.0,0.0
22.626198286936038,189.67185762275992,1172.5072626736492,16.0,7193.334356088157
17.60605607398844,465.14203448843784,36.85859213574763,1.0,0.0
30.565014016491457,490.04248542914496,68.84843779675128,0.0,0.0
23.797670969362137,132.30819158708914,10.0,0.0,0.0
16.768616828588844,178.26548071651507,61.84912893331049,0.0,0.0
16.148943209612703,597.1868933861604,44.02232310865248,0.0,0.0
21.332220868700688,486.8988778664333,66.07426997983477,0.0,0.0
33.23822860619565,528.683979717646,68.33369176913963,1.0,0.0
24.884625433001094,125.81206811274598,94.47341258780286,0.0,0.0
46.50924389207246,234.94540802523773,1031.8717665050167,10.0,11803.784226512174
24.770831514225268,209.05224753749815,93.5531872767973,0.0,0.0
22.63130931119643,330.53540121100343,107.7577186529902,0.0,0.0
32.60396736234371,236.87150235662364,57.63217172277355,0.0,0.0
25.39625245130541,216.07211723750885,57.021167018939494,1.0,0.0
19.62744321504813,131.80171990022473,90.38418710032633,0.0,0.0
21.563367903328697,131.34652130224146,36.156030849598395,0.0,0.0
17.024079739805757,458.2467661135904,80.58097285322899,1.0,0.0
19.73004196835408,552.3368947254041,32.914045194476245,0.0,0.0
11.676911934710688,579.1206711837505,86.44432165379715,0.0,0.0
25.646497892855912,459.10834871371253,76.9212970739692,0.0,0.0
17.215763831006395,181.3024721449127,69.14950352232546,0.0,0.0
26.136807397679195,264.4625121344718,102.67701673217432,0.0,0.0
25.50331494503842,165.07234357892082,91.13038964875142,0.0,0.0
33.458511420525944,302.69918086875845,125.60774058217132,0.0,0.0
10.607899160786346,152.56178837048253,50.63676738323396,0.0,0.0
10.32736141470834,192.08112039218,80.75176897978506,0.0,0.0
47.104382330218826,92.29830410498586,740.2991234503668,8.0,8188.5086362388465
22.360507617564537,356.2933710950567,65.7497242529468,0.0,0.0
24.576039024242306,526.3268825713335,111.21248074732316,0.0,0.0
34.61005451758881,425.4198499100391,116.83630225746342,0.0,0.0
17.28072850495105,348.50419305556784,138.9549821417063,0.0,0.0
18.05197913957946,595.8028769770503,49.945313605463184,0.0,0.0
32.42775649881443,436.05688063604424,88.66833920503448,0.0,0.0
12.10349912487622,521.7663976145626,51.939745387537435,0.0,0.0
33.84821442506468,399.44182088461116,96.18554192876054,0.0,0.0
30.361712064723395,436.17973224042055,58.84431725390492,0.0,0.0
30.155031994826533,419.45247584475504,83.16861911505801,1.0,0.0
16.731080773734526,325.53581516429506,61.39714994714519,0.0,0.0
21.836794269514144,183.70356194066898,97.4209828966383,0.0,0.0
11.526948996371594,440.4239516599058,63.66878977442467,0.0,0.0
28.76536879102146,154.6552363100044,71.6422814632363,0.0,0.0
11.286968781249733,494.2005473120416,77.83176026344411,0.0,0.0
15.805317378670432,296.41652269993506,64.08200659898512,0.0,0.0
20.259573075890742,488.2503786869409,56.63521058004877,1.0,0.0
34.16637047609174,585.0613705371319,64.11284073575392,0.0,0.0
37.17990599179352,289.8315951054211,815.2394346494508,10.0,9223.597265102737
23.66775698358199,576.1139298339851,105.52584238813382,0.0,0.0
32.40839546302799,214.7858351327699,105.89529050017347,0.0,0.0
32.51045142908326,445.4477532283505,107.42486366402773,0.0,0.0
19.432104077615566,464.4469275159246,70.93017734819264,1.0,0.0
11.584374261819194,162.06851844664249,34.80847432204853,0.0,0.0
21.003812343490033,513.1691124836159,70.15851351800704,0.0,0.0
26.08220546105883,549.5119949090533,82.17810413004561,0.0,0.0
14.33433988236887,343.2986938961847,79.33354160926021,0.0,0.0
11.078997798764403,139.9549723441882,90.53929724640128,0.0,0.0
26.31865269629687,181.485958255776,30.594119177541998,0.0,0.0
15.954569526168163,282.36840287735924,85.21632028701677,0.0,0.0
33.68121443459647,517.8640156236526,59.4788100437221,0.0,0.0
33.16469062903736,267.49918316461753,78.87976709647448,0.0,0.0
32.31679277692437,241.07568968321357,41.84880784794905,0.0,0.0
12.926675410690146,404.61640868876515,66.65451275609975,1.0,0.0
14.427766985176223,459.9226025497352,71.99047090116004,0.0,0.0
28.946152761609227,457.1831858611699,37.15714018467932,0.0,0.0
18.764688970164926,213.97343312810213,84.81039917946917,0.0,0.0
20.9742855176409,249.11683412884688,37.381990649224946,0.0,0.0
18.65864985914903,450.30465892154024,91.26125231340347,0.0,0.0
24.772323579706047,182.167162215746,110.30551388538572,0.0,0.0
30.319989181437563,281.7615246870174,55.30540620229402,0.0,0.0
14.767193016591664,491.8336949669673,65.32250743813998,0.0,0.0
34.75134625260658,336.66577167824425,67.42050542914312,0.0,0.0
19.975067596753256,348.48870209700794,110.55924654246269,0.0,0.0
29.09014485399402,183.22981125818973,28.84530344404765,0.0,0.0
25.160726491489747,416.93346154328844,105.42896302063741,0.0,0.0
29.591325318528575,568.5292928666469,78.80887180084305,0.0,0.0
33.13921282266941,354.16994108465394,86.56478232134879,0.0,0.0
33.49580309033688,327.59898159846335,70.46939566954742,0.0,0.0
17.42879300664642,137.64729899651797,1048.8728015425997,9.0,10372.068157789668
13.17651281629712,485.2915156526395,129.27356793744534,0.0,0.0
11.292043029215193,502.33789966856466,59.4337659566387,0.0,0.0
27.118279313846983,134.5857886544817,103.10281799965034,1.0,0.0
27.400744916874324,334.0332990608392,120.95459191987806,0.0,0.0
20.791488655741986,153.3234445181248,45.479679617278876,1.0,0.0
26.06048195515789,538.065179398121,110.27330949365675,0.0,0.0
24.530955535565305,516.5124625212136,86.65895936115837,0.0,0.0
30.246861146365873,266.6516691158513,75.16999611399994,0.0,0.0
16.783725794347397,594.0806438383906,71.30993534253328,0.0,0.0
17.046369369334997,359.1339438975067,119.3827723152378,0.0,0.0
26.702128414266156,572.6764021174597,61.60496342369255,0.0,0.0
19.82744311666901,171.35070663694003,79.48954454848995,0.0,0.0
27.524228286478,276.09123082785356,46.83081327725487,0.0,0.0
18.449878921288395,230.37821082772138,29.23417757858858,0.0,0.0
26.230257552901588,173.72141731090937,72.3512911423966,0.0,0.0
21.270984285103303,172.67337536520168,31.85483178023508,0.0,0.0
14.263103092182288,490.03785779799455,74.9156385647262,0.0,0.0
32.6588596273684,473.4729672315074,52.01538521033942,0.0,0.0
25.265501061040816,482.5298018384678,43.560553527134594,0.0,0.0
16.934529574528316,442.8490167480606,88.89011165008621,0.0,0.0
15.698379063548542,594.1067470732951,90.47885652512994,0.0,0.0
29.388190417375263,436.9453054566423,37.05315633297977,0.0,0.0
23.566115867689415,347.1407552119474,107.87286133960119,0.0,0.0
20.473136237613698,549.6565155391374,70.4200845319903,0.0,0.0
477.98267527257246,2.3676956678225722,3725.960802138165,0.0,0.0
28.447422917394213,170.36648564072394,55.09935357991277,0.0,0.0
23.11891079080595,262.618423499124,106.56460258567955,0.0,0.0
23.06832073454985,231.8205478817442,35.936353577836435,0.0,0.0
23.142254557567146,485.33833778071585,108.5115262947587,0.0,0.0
12.519450034435666,238.6095523248703,61.28187730647596,0.0,0.0
25.807645764839485,227.7314744815971,100.74902043952903,0.0,0.0
12.938156169427621,218.80378081764877,63.367238580498665,0.0,0.0
18.64168208309658,243.1501361766546,60.43103355971045,0.0,0.0
17.793051694888707,149.44782101312072,97.31493345748274,0.0,0.0
19.93218226400918,168.50198928511043,77.60889843808032,0.0,0.0
11.844914118384972,122.37119084851662,103.1512562693042,0.0,0.0
26.050791153857194,460.0142288232167,65.20604627390445,0.0,0.0
30.41498598678943,353.7897210330892,74.98228513558385,0.0,0.0
32.689161848152324,599.008373056002,34.621704602362264,0.0,0.0
31.0457194189568,266.24598676705955,75.4786944353938,0.0,0.0
25.14437048392218,375.81973754464093,66.1489822264744,0.0,0.0
21.80167362774998,208.8938725763846,96.2275527685786,0.0,0.0
31.577585646889837,137.76366466343646,53.05043533108598,1.0,0.0
33.68208349029538,318.78228121388497,85.10736887404244,0.0,0.0
15.552695261768257,162.91728110988458,55.02019983374366,0.0,0.0
20.259920674741537,204.14541233167662,34.97740053808711,0.0,0.0
11.150066050543819,276.7014279571161,81.67816627528708,0.0,0.0
21.78940471375396,561.3081471429203,19.70345221676233,0.0,0.0
31.518264581408587,446.2306956926735,56.79992646927164,0.0,0.0
33.35917536922537,580.596789274096,91.6578125227303,0.0,0.0
20.021285419090997,213.41880567396723,79.97370366991237,0.0,0.0
26.79731858996821,408.9031630254346,40.851107219986645,0.0,0.0
16.85138051718015,167.60548780186363,46.936379843889654,0.0,0.0
13.797567337807358,372.0784241601889,71.56570529001509,0.0,0.0
29.985259972726066,233.69786830775138,17.595476171569047,0.0,0.0
13.483901851820603,450.66494498404353,61.33299788531836,0.0,0.0
24.031929939237408,420.4278606897644,67.96681107204466,0.0,0.0
30.426801773732,482.9583978697181,75.52216220739905,0.0,0.0
23.192527727157497,593.5824590202465,84.42750984755466,0.0,0.0
13.470679316235254,460.3422056267677,84.76162124822224,0.0,0.0
26.97755797861224,158.12129711471357,70.22430593499577,0.0,0.0
12.441802850159597,328.7171225297982,111.93825202638155,0.0,0.0
27.59144648450059,288.30092698040676,97.37595785190288,0.0,0.0
23.960106243395124,200.4572238183925,80.98117160277874,0.0,0.0
22.31562760727148,347.8228203599107,67.84989445299723,0.0,0.0
18.642399837597985,324.5200242673783,84.0907970656242,0.0,0.0
10.30386186724541,271.75493038884025,81.72817353112768,0.0,0.0
23.730666617653014,453.5913053407404,70.99668011083399,0.0,0.0
31.919140919043738,453.61690985210555,92.15796142391753,1.0,0.0
24.386854446896976,511.1160545983259,80.83040328158754,0.0,0.0
12.544561815510093,279.84091826793497,77.54640738154967,0.0,0.0
10.363616641697048,128.75163968465358,143.99150097277695,1.0,0.0
18.520088506325447,476.4991301759909,100.81365510854144,0.0,0.0
33.7449978322981,223.52407315090426,50.708581636467855,0.0,0.0
21.310987903317333,552.8457562250032,81.25500515629236,0.0,0.0
17.792776902235275,560.3105162218765,49.39532939176988,1.0,0.0
14.106644948274823,286.12786873813707,92.99394855370454,0.0,0.0
23.885792640065688,122.76415703909835,80.33234268432346,0.0,0.0
22.958241309093417,501.5085833999661,34.5922347890853,0.0,0.0
18.970762103087562,183.61184291608726,112.10290071339912,0.0,0.0
10.677399812587087,503.3828119941958,101.49840960116555,0.0,0.0
26.467340790473624,144.94621615270677,79.21636679916818,1.0,0.0
20.60326678255965,588.4194023568258,91.98433207391258,0.0,0.0
14.991844553958995,405.63740673612233,100.60156314528656,0.0,0.0
12.970447906701798,536.7702146463641,87.41748058091304,0.0,0.0
28.749011759979446,474.00401254032334,116.86231083368844,0.0,0.0
25.692701326785446,269.6717438809246,58.765674041964346,1.0,0.0
32.4197102476503,582.2049001140383,14.02957104308927,0.0,0.0
29.23732332979842,596.39208103602,47.213551076574205,0.0,0.0
23.33652729940804,223.6983276046078,100.18784224592305,0.0,0.0
19.159046082342293,223.17138172356323,125.15232220397807,0.0,0.0
18.2166136342479,556.3356099195078,74.63869322804302,0.0,0.0
11.130466752654735,599.7185883699199,93.12739467119994,0.0,0.0
38.787161383830025,60.00737252289178,1082.7144493446815,15.0,4384.738483296283
27.899305721184938,140.13658724718542,92.33697279784984,0.0,0.0
16.07930477498635,227.81549368504892,41.183242853911636,1.0,0.0
411.23813852600233,2.4214533272830048,1936.617964740824,0.0,0.0
12.602714549614346,479.0751261261754,81.5312632808464,0.0,0.0
16.999477341507102,193.15968639860037,88.94227651812811,0.0,0.0
28.299848545285126,204.1782137392558,55.377542172944004,0.0,0.0
23.00769252259483,302.2971744860303,76.4983157566582,0.0,0.0
28.70649225959146,336.84848579386994,82.51185899027071,0.0,0.0
34.325263868811135,494.3257896725489,87.84769624147287,0.0,0.0
15.589895962986315,337.0555335760489,82.70126348760256,0.0,0.0
23.1097567331895,247.22228559600194,97.25957908799465,0.0,0.0
12.257244251360207,404.6111687240175,51.12193551626618,0.0,0.0
30.718437728798232,573.1484830495743,63.34908745329395,0.0,0.0
29.997902134329735,509.64949828326604,65.76807151884492,1.0,0.0
10.50177994444316,452.36935263569745,76.02297938489303,0.0,0.0
28.771776694787434,594.0717905933077,47.357383287851604,0.0,0.0
13.521425509494996,341.5091830198724,124.89168724459911,0.0,0.0
13.05095587111947,503.71962190511005,57.07944198492987,0.0,0.0
23.801179521299506,592.641474971764,69.23998214485582,0.0,0.0
26.028690822132432,415.30533035088524,112.77887325618369,0.0,0.0
25.778465649931572,379.80795776453294,87.22967825369159,0.0,0.0
26.240822476180366,123.06521842408011,89.66734503688187,0.0,0.0
27.60199420248059,510.23315458372485,86.90894423390549,0.0,0.0
10.634658891508622,429.07404169974274,63.02906359978989,0.0,0.0
25.795930304244983,471.89425075933485,54.759912001958845,0.0,0.0
22.71426727911757,503.4159531713594,74.10896294256291,0.0,0.0
17.019309061021396,450.18514670439043,71.68415634043566,0.0,0.0
25.603722696228353,205.1658093454593,75.81992488528967,0.0,0.0
11.819075159104838,491.26710032956834,45.151874840023616,0.0,0.0
14.539942920035642,182.74098083529574,97.17218475243251,0.0,0.0
22.970951428151803,275.84444490722876,68.71152784888761,0.0,0.0
29.496888646440595,536.3012164607051,65.82938970463282,0.0,0.0
17.330269292451614,463.5959830474025,63.1540163232271,1.0,0.0
20.014851054592437,259.5643999469337,814.9184445888957,8.0,6384.605204198582
16.294976472673817,372.9799026775928,43.69016388967202,0.0,0.0
13.107430587138618,175.85587098502853,35.04689120290631,0.0,0.0
11.130682222763452,239.84064425240925,78.5221561727801,0.0,0.0
27.3487111116775,267.0017379775736,38.720607748711025,0.0,0.0
29.061467143517262,147.73466927825598,64.82409217683049,0.0,0.0
25.835021357918144,318.50356873216873,63.09447816138352,0.0,0.0
34.246970667690974,363.4727081704284,66.42019311256473,0.0,0.0
18.721706663574885,596.2358471151902,39.40107118874637,0.0,0.0
15.56852051233088,183.4707186575746,1132.3962564655085,8.0,11816.253412361408
19.406489638272895,416.2295935699344,25.517504740605304,0.0,0.0
26.099988580975396,415.20622465865597,21.166427003218892,0.0,0.0
24.58421912742899,147.40169092287113,37.42574179012117,0.0,0.0
31.933483834524527,225.68793693590945,67.61496474652427,0.0,0.0
10.274895716462012,471.8742220942439,83.51473041001242,0.0,0.0
18.145689810765624,219.61343736159145,879.9790789653946,15.0,5860.33065296684
14.359160725124786,384.4115378923869,99.64324989199658,0.0,0.0
11.896583202716599,206.95168777664657,81.56403322504812,0.0,0.0
11.85111629335226,525.3837112968338,105.6733305971077,0.0,0.0
303.24007946789345,2.2308857653860352,3159.561187131813,0.0,0.0
30.88256238973095,398.4413797621494,85.58997663983652,0.0,0.0
25.80660719798826,368.83585053369796,119.88028389780806,0.0,0.0
10.452754595521013,319.7539191262855,30.53531039983708,0.0,0.0
12.349548496021725,134.94435978456545,109.34146362907394,0.0,0.0
34.650026595571774,326.82601135766686,70.79640453538026,0.0,0.0
25.835093912760584,322.25136109299365,79.41103888193064,0.0,0.0
28.00091341365186,510.70572936288903,71.81127199056165,0.0,0.0
29.62939903482534,245.88674126391604,105.20915576482855,0.0,0.0
25.552167505696836,168.68199765562395,103.02576668311178,1.0,0.0
15.98904726667431,585.1692624675894,58.29639786152515,1.0,0.0
15.662394379948449,508.5677158679415,85.70767743019121,0.0,0.0
31.38651460027518,162.17591958952,35.470232449196665,0.0,0.0
32.263182018497375,397.6257201630764,50.14126563478719,1.0,0.0
24.45700352490435,432.8000761804248,71.5637871343077,0.0,0.0
31.55909271866863,353.2184444094363,75.00517662295493,0.0,0.0
357.8879043238976,0.8148879909483957,2353.29661487513,0.0,0.0
25.453206011447396,409.6553248230614,68.38712896723473,0.0,0.0
20.296022853681713,358.54247179479853,113.33584253240814,0.0,0.0
13.899863008405067,303.9064935597588,85.48831109767569,1.0,0.0
32.63454941048159,252.87734267282477,99.12129082743644,0.0,0.0
30.209933702911528,357.83583177897526,98.88263021426278,0.0,0.0
33.722138431333335,156.06613523318822,63.66929876681812,0.0,0.0
22.302907326988453,505.45243095967845,95.62745661669086,0.0,0.0
31.637678147349508,336.17804940392887,116.53675414320045,0.0,0.0
13.574792051320896,198.49145884081094,104.32811593966603,0.0,0.0
22.802326457482025,533.8212562874163,48.440161796328006,0.0,0.0
25.33537989839475,309.0549147139961,59.332069385250875,0.0,0.0
16.807683162984226,341.54758772149916,95.74331044697936,0.0,0.0
26.78932988981999,342.4771410242747,44.01854012866319,0.0,0.0
18.27245062131623,230.40424189809747,69.33802770246183,0.0,0.0
12.896726488128243,517.8794275923251,69.90815624557585,0.0,0.0
14.42526210691867,513.2106525248594,59.55870261414125,0.0,0.0
14.020201285437466,134.0386958565884,74.3951098402271,0.0,0.0
14.96789203835431,262.72752353882436,63.572593585343206,0.0,0.0
29.996381398682882,523.5374534453761,38.758869507536744,0.0,0.0
34.559465422715164,451.20234759391957,54.28757438049385,0.0,0.0
28.635986854608248,290.3982267993299,88.67797787938025,0.0,0.0
28.83445463147354,239.38285084206234,63.19773555757182,0.0,0.0
470.1149056030232,2.0078753003073677,2146.47897783696,0.0,0.0
11.161260317999943,406.4845674801068,61.22035709178667,0.0,0.0
412.8463633369072,1.985604568271493,1703.996800012096,0.0,0.0
12.69728567483261,130.20931720818584,43.64276442076876,0.0,0.0
10.561732708002936,380.2738586360872,49.90106569796254,0.0,0.0
12.765793423880181,188.27969696985417,124.41101461288713,0.0,0.0
17.339796106612333,251.1645729591405,70.77945692024973,0.0,0.0
34.08056348601528,568.2600084133944,65.20878581445523,0.0,0.0
15.324104037722769,464.69907658871733,87.63675397916568,0.0,0.0
20.23529130478101,381.6129210705304,56.03761663249826,0.0,0.0
34.992941832153264,177.70034657789205,67.30096175902399,0.0,0.0
38.67263737554534,88.37246934986126,1495.5689004906878,10.0,4533.55105124359
19.70424815516305,158.45512626464406,98.82841584783112,0.0,0.0
15.931227187420003,512.6241715771498,80.02899139682098,1.0,0.0
31.936800338176322,598.2402797072361,58.23449477308388,0.0,0.0
13.716568193827824,140.00299228914446,95.97351251174031,1.0,0.0
14.332358001771144,350.3706406642193,108.5112611505786,0.0,0.0
18.902418147446156,542.4379620294999,91.8215308991705,0.0,0.0
27.418429134103768,465.2168535706866,97.97885434025004,0.0,0.0
20.630337611730837,471.7447414878003,51.95350467186717,0.0,0.0
24.290317236747498,311.6716395884679,107.04109487509422,0.0,0.0
30.765485194693227,220.0850468915212,64.26888949253345,0.0,0.0
33.87163201657985,350.64333468375787,67.02365160833455,0.0,0.0
32.43039394883317,286.94841979305266,59.804450322639184,0.0,0.0
14.54700210997862,392.3098654218737,81.63405873499072,0.0,0.0
24.839811338851217,251.59711994870682,10.941658530117238,0.0,0.0
22.84973722899527,148.9283473389892,61.897790051635184,0.0,0.0
25.58245317068895,406.20954167138547,54.327991149003495,0.0,0.0
30.344875492673715,393.89267838663824,65.28703867277785,0.0,0.0
24.65574580041993,472.134902669473,48.22365800877378,0.0,0.0
28.528016232251478,506.84419205645816,58.45044555508477,0.0,0.0
12.830951146018881,383.02055470737264,58.06088369160862,0.0,0.0
11.779716211505725,588.415322793183,106.64269602161752,0.0,0.0
16.232305728721872,288.3416714168209,104.11848386142928,1.0,0.0
18.337479292278605,548.2006506913125,54.23888983608587,0.0,0.0
48.10736254112303,230.9128910113452,1312.4738210441717,17.0,6365.320314172954
23.076635619227982,514.7906705444932,86.81015694700943,0.0,0.0
30.811066020010543,237.76757264703406,80.61711814379714,0.0,0.0
25.507738783836615,487.1439655402216,50.661345007388285,0.0,0.0
21.263603382752336,306.5078886097659,34.811003390775646,0.0,0.0
24.781885893623233,473.9313971461438,60.06224513270896,1.0,0.0
33.11734045696407,158.902183635671,83.46209608654227,0.0,0.0
33.02181001329533,323.39436175140617,71.30549202956321,0.0,0.0
22.53790736717999,426.49245487876107,87.52735424849612,0.0,0.0
12.528066903069757,243.90404769654123,86.19292314525694,0.0,0.0
29.729280965183456,161.11595980628664,135.3153855403229,0.0,0.0
32.18031856440817,151.37104358349234,74.46581764128909,0.0,0.0
12.341869195702312,423.27049296800084,78.1594894886603,0.0,0.0
25.267369750435343,215.9491312234319,676.896950823984,11.0,10172.096495987902
16.447570676123497,286.83433163471136,80.7675226429671,0.0,0.0
32.27857784245178,191.20473646180267,65.75974159890916,0.0,0.0
10.229926290415742,481.30398698766777,113.03290129806129,0.0,0.0
26.803388685146963,310.1961690732762,76.69638776318509,0.0,0.0
32.70664714916634,147.76448475043026,97.98072336438008,0.0,0.0
22.29039687792081,310.5231725767661,115.3055157063856,0.0,0.0
20.903163228382915,569.9462719186171,51.89417139329239,0.0,0.0
16.003640469454826,178.50532480173484,96.85972951781818,0.0,0.0
17.858899526908168,570.7524952861902,86.66074956083816,0.0,0.0
27.549171931442583,592.3092710207176,10.0,1.0,0.0
18.133258269081608,354.92398254870744,30.789015860928707,0.0,0.0
11.96140953355665,502.8283683058503,94.00139909224006,0.0,0.0
13.116567030081672,167.0796387764374,63.38989344226531,0.0,0.0
22.768682564439143,575.9813682961081,109.37191047870462,0.0,0.0
32.177160606627936,528.2792299652361,69.02669752075764,0.0,0.0
18.073911823531148,355.9653824358897,57.6894755031536,0.0,0.0
10.13805292809006,563.7101737807345,59.94469849095549,0.0,0.0
30.386535711370854,586.1079576793766,86.71935640187559,0.0,0.0
32.38017094217999,307.63487803464704,103.13586961036924,0.0,0.0
12.133741701966096,463.8352262700875,61.042456151349235,0.0,0.0
14.676093713938084,564.9604646036618,81.16261946080012,1.0,0.0
24.518409578936954,63.09539274948611,902.7037209945602,17.0,6174.292128641033
23.854450062894834,312.71727161341835,52.06242947464341,0.0,0.0
31.460318796075295,286.0487964225422,47.72583924462005,0.0,0.0
15.39552568742108,135.61256615580092,88.78713440101168,0.0,0.0
24.607857798077504,187.0326022830302,21.608144650532616,0.0,0.0
10.63547816860238,537.6474594724464,94.85661699054567,0.0,0.0
25.35384341237876,145.58308223668934,826.9410243366752,15.0,11460.356714819607
28.41110589061807,504.737813703835,46.2801491210336,0.0,0.0
38.164210478989936,264.2761765022356,1182.1916892550987,13.0,8788.760859237365
32.71126403334071,545.570023315424,64.48095515797367,0.0,0.0
23.920031561458753,489.79556054774076,95.20144495702863,0.0,0.0
366.0569335004169,2.1912093738015113,1534.2060369017026,0.0,0.0
24.40720900417033,125.81797182906877,47.81885152842993,0.0,0.0
11.662406684169436,536.6672112515762,79.74265419025988,0.0,0.0
31.930013520327705,533.7669514908589,83.8903337196415,0.0,0.0
31.654403644373378,142.54366405202643,64.06354249191475,0.0,0.0
29.274179498864026,545.2693191533699,76.6747679306218,0.0,0.0
10.492763443859104,399.5628759394783,105.29859963466001,0.0,0.0
12.922451017709102,583.5946373535455,93.60479928749842,1.0,0.0
25.836955495653683,262.8232566330339,56.95656116656867,0.0,0.0
25.375180667479242,324.567025073267,74.51450985280668,0.0,0.0
20.704603707932858,587.2747052051504,92.73629542847598,0.0,0.0
11.86376609199427,559.4343828422601,74.3121273737341,0.0,0.0
22.431212647309636,411.7136615418524,70.48800216023436,0.0,0.0
30.25283486697952,192.5077880548321,104.04695756520476,0.0,0.0
10.126539596155467,538.4848933177113,85.09325225841523,1.0,0.0
14.435988594493072,446.50955636701985,81.50804596928052,0.0,0.0
22.236319006939077,565.3210959337023,102.00120164286622,0.0,0.0
12.800972554201309,216.44817055634712,72.41863099627382,0.0,0.0
24.853267883803376,392.16780527360055,104.72283428686607,0.0,0.0
18.706386675582507,564.9765815022272,64.7679390471724,0.0,0.0
12.32756919514748,515.8468636440716,21.953627524785134,0.0,0.0
19.92958824046137,414.2109995973722,113.34319274791248,0.0,0.0
34.12567276666282,566.6857030290798,89.71383174426799,1.0,0.0
34.23256339047747,426.77757015144016,30.674188294827964,0.0,0.0
20.490001560694747,188.39786059272635,122.52976714382518,0.0,0.0
10.663305096845493,511.6545307049363,87.54456840418862,0.0,0.0
33.062484529432396,185.81265874991954,62.819285897161194,1.0,0.0
27.70181444490114,474.2561358846578,65.67917119770583,0.0,0.0
21.639950453311506,534.8919599230258,115.30695644971614,0.0,0.0
20.087071655309927,311.43493483051225,105.97365882348593,1.0,0.0
23.00170052944527,185.67294284110147,121.35231415835472,0.0,0.0
34.672173415012935,136.29406972118343,119.3062899167436,0.0,0.0
25.296322368059485,438.5621593740711,60.89381003356529,0.0,0.0
16.469499540000424,293.2674705312129,112.83624358105328,0.0,0.0
13.481801816584682,330.96561054379686,110.49007511284093,0.0,0.0
32.56382266698917,397.7641961147488,94.4915133067335,0.0,0.0
31.83946560266943,514.8548728865655,62.29649505881723,0.0,0.0
23.112784739256366,579.6601365625825,112.24658596505205,0.0,0.0
22.379422752781757,453.45430601012487,28.336584573173504,0.0,0.0
34.35987019165417,573.4148253475312,89.83891805702154,0.0,0.0
12.836838031014727,358.02035283781,66.17084267973279,0.0,0.0
14.613025483909432,401.57206232422755,90.55517860108505,0.0,0.0
26.588434300417767,473.9682089863131,87.44357722728486,0.0,0.0
26.440322307508584,416.12492082035624,96.78243243643111,0.0,0.0
18.415106954848014,246.29403355720456,54.121427459249425,0.0,0.0
27.39371722461543,367.48609371804014,58.65584153377951,0.0,0.0
12.21756334392639,544.4191024072358,67.09817859932376,0.0,0.0
385.4972908180536,1.310823443378795,2663.342334848715,0.0,0.0
31.544640525337933,419.83851305004663,92.47071050506337,0.0,0.0
23.314735813789646,137.3569826518858,67.0038119186289,0.0,0.0
13.622371802280577,544.2172247824443,121.83244440543864,0.0,0.0
29.005696497242162,408.2852800130963,70.49020795593981,0.0,0.0
12.173007202185593,212.0963158649966,74.51849050664013,0.0,0.0
20.846291230949326,450.94318518588756,52.72019436461781,0.0,0.0
33.51146460882286,152.3282887050104,20.683261349649094,0.0,0.0
10.92217368386332,204.73345536264395,56.205223747620394,0.0,0.0
30.32252522825194,512.5604237640104,55.189501975000965,0.0,0.0
16.964758475798966,408.77367367023896,79.93289268513989,0.0,0.0
23.991008282705447,584.5728167256146,76.244342179524,0.0,0.0
29.93238414448884,452.23744401318334,52.5303987919218,0.0,0.0
19.22284098924431,165.94298664967764,48.203569173996115,0.0,0.0
486.8866077506883,1.9383979328227463,3078.4383151206275,0.0,0.0
29.30795979339098,534.4001517944762,81.93442344895479,0.0,0.0
18.55204371789769,592.1658841264385,77.64736132788086,0.0,0.0
18.89931696628154,416.71475247269717,57.28983082723843,0.0,0.0
12.870920618480088,162.77972741568797,54.72856221974155,0.0,0.0
29.249838827465272,182.99754128754603,78.08012016961214,0.0,0.0
455.90334028481266,1.0656810750079655,2239.8300735915404,0.0,0.0
14.89957156047863,527.6139127513533,47.00956416777472,0.0,0.0
18.673830047405694,330.0494995465881,37.42299245600455,1.0,0.0
22.85586096034029,144.68439047244016,89.81317373002958,0.0,0.0
12.578096720898316,536.1751181387754,67.29914289535647,0.0,0.0
23.434890073448074,497.71362540254165,85.45995552221709,0.0,0.0
19.10674652620189,317.2936655072183,63.74526837871471,0.0,0.0
22.791936052891653,405.3486408893631,45.26470267831681,0.0,0.0
14.030532181350111,592.3600652156617,76.54199624619929,0.0,0.0
23.05608150137011,420.5857543830794,70.60285468919159,0.0,0.0
14.409674662655583,425.8567088679746,152.74796390013404,0.0,0.0
34.91592092684763,381.3547670212078,27.659633326155358,0.0,0.0
15.71995413729056,350.3402977458762,80.01422993077357,0.0,0.0
10.386415413221686,141.95617623000618,83.29950826422537,0.0,0.0
25.4563692882574,224.03510404357232,91.7620154310303,0.0,0.0
25.877341271691094,200.39163948435348,69.72174402930764,0.0,0.0
26.629930517405004,427.6665971257594,51.08909057954978,0.0,0.0
14.664175601282643,387.73604033761194,79.11902103091292,0.0,0.0
14.621361388138176,334.0827710198188,89.55244258671539,0.0,0.0
32.857470164012476,238.40585497037904,46.293417781184544,0.0,0.0
12.102670152874936,435.2335989798203,35.72809619828752,0.0,0.0
23.515878040252662,176.30793070194935,56.43823535754879,0.0,0.0
25.93893678388033,467.8880503338055,68.22190997393578,0.0,0.0
19.3717644880926,569.5707323015815,86.69232929413583,0.0,0.0
31.847251939062883,290.5845929691549,101.1829426655362,0.0,0.0
16.630059192043134,424.32273748781347,49.99171688486064,0.0,0.0
28.651121981635583,249.479813528155,141.10858367542588,0.0,0.0
16.366016369094098,310.551128195656,70.24902412496263,0.0,0.0
20.97837271425546,411.0014101204692,43.73980665075706,0.0,0.0
29.04049038321794,483.9544683379638,96.31934187805548,0.0,0.0
31.412246029708058,569.3818781969711,58.74993547941351,0.0,0.0
21.56699464174016,203.92254108499802,97.05832655808523,0.0,0.0
18.918833167339734,138.92486945688285,35.13242331833011,0.0,0.0
17.023362742184517,458.67608280753046,87.84000266424292,0.0,0.0
15.12849101205018,287.8575502780078,47.70747809651714,0.0,0.0
25.697509737272696,494.65224731705365,61.23657876271041,1.0,0.0
13.18721655829956,265.5720708324459,115.4303143742156,0.0,0.0
15.606732736513994,476.8839630199717,104.69198471153909,0.0,0.0
16.06176259086824,314.0730086900602,90.07968577705857,0.0,0.0
28.06130288153763,569.8696738734966,122.49704837238039,0.0,0.0
10.719566907833475,376.12922242890164,62.70909535919881,0.0,0.0
23.919072325348246,232.62819929061772,67.05712258109415,1.0,0.0
26.81296140192596,206.24789225771616,88.65710620009249,0.0,0.0
21.185309170586365,185.49108122723192,90.95979814020957,0.0,0.0
13.881006148267812,261.8134931891617,75.17657896570441,1.0,0.0
16.770806281551856,399.34627291891144,72.92236068428264,1.0,0.0
14.33004674775038,392.4196071655479,68.28673380235419,0.0,0.0
19.423610735622688,487.1087044334378,90.11288315888417,0.0,0.0
26.021868620080365,171.30092308547705,72.41945617668759,0.0,0.0
14.662962759996356,541.1812140625825,48.31167714364318,0.0,0.0
21.36352661919433,354.6463585233217,60.10846764891269,0.0,0.0
30.45036914806233,304.4767906366472,75.5198426918852,0.0,0.0
27.25987071573413,552.0110992310454,90.03016872322787,0.0,0.0
10.982803496027474,289.6422620653047,38.90362959666145,1.0,0.0
12.282166919653339,404.3281577248139,115.3895705887058,0.0,0.0
17.61534422933427,450.4331502853133,77.21017215729618,0.0,0.0
27.273443452561647,161.75364475747688,104.68465128911878,0.0,0.0
20.677694715656408,325.33110419321395,126.43738674279247,0.0,0.0
24.514708756951087,151.99297946913117,66.98330936107021,1.0,0.0
458.7636207816079,2.413408409645102,3014.9924181775636,0.0,0.0
17.163531303207108,584.7328453990665,115.99911323428482,0.0,0.0
24.671027950521978,228.79507306895425,75.56164732030116,0.0,0.0
28.225179201024684,347.6228239955826,82.54479749548665,0.0,0.0
22.783559971523445,321.4691121245387,99.37994074456074,0.0,0.0
28.05667329639148,298.64017144200636,36.94102034455272,0.0,0.0
12.033719516047494,337.81897986414685,130.7825036548158,0.0,0.0
29.23066880758153,82.66053543851542,594.9652752283765,17.0,6258.099763303462
24.422597115658977,423.6585087042951,85.24546642321282,0.0,0.0
28.43753120274371,242.24189858210457,101.29869044307296,1.0,0.0
29.881682796497255,313.4304858072775,87.19680712177686,0.0,0.0
27.075169335408923,225.22271393186128,49.30812147685104,0.0,0.0
15.308477766956905,306.8618947401487,98.31477079682725,0.0,0.0
32.50046604620263,210.25187261539975,41.838196792222924,1.0,0.0
29.879654869217593,150.82028979606437,39.842063408204154,1.0,0.0
22.56800975231198,190.25951623787958,81.64695574130121,0.0,0.0
19.811127685565886,562.9234514464292,67.17354923692115,0.0,0.0
27.656055678912406,585.5141016377015,118.31287498712729,0.0,0.0
19.946389976143543,377.197288547079,33.92027972114582,0.0,0.0
30.203009489110425,320.5280554403202,92.3276401815786,0.0,0.0
21.592460123499556,536.7082821012026,70.06653949231685,0.0,0.0
13.22199304776623,446.93656990319175,79.8397477841886,0.0,0.0
30.364368005784552,588.2928964127591,42.668176053220904,0.0,0.0
11.734032521879136,148.96900031547062,27.953773862559025,0.0,0.0
19.49231020418167,469.67552503757435,51.07122712762393,0.0,0.0
24.935327554257707,496.2200565529907,104.23974981069433,1.0,0.0
463.6760849559071,1.0833320566233167,3913.2568090759996,0.0,0.0
22.56697558072154,209.49036582924217,103.71114272991886,0.0,0.0
31.241184766935287,310.1628919724426,91.48114171081014,0.0,0.0
498.3925494477287,1.046784722266348,2942.2030032780212,0.0,0.0
10.325048087768401,545.7239521004494,71.10254555158332,0.0,0.0
21.519469200818143,221.78152315594878,105.0971109292204,0.0,0.0
13.813476072856535,223.296898568274,75.85381043720062,0.0,0.0
29.037765792936806,307.71913759284513,84.24105480495234,0.0,0.0
28.690234504406277,311.3582533307103,63.24894630601246,0.0,0.0
26.504934417943282,494.3284746688079,80.32991570594223,0.0,0.0
34.09049942723132,479.83287923660384,87.82764495440207,0.0,0.0
30.054924518850992,392.61371066526215,10.0,0.0,0.0
25.73496595338156,338.2751307042524,52.356692478434525,0.0,0.0
31.714978204736507,178.61275872481286,77.44957883677239,0.0,0.0
22.5659273276298,284.0986396985693,102.74249604890558,0.0,0.0
22.969765543584153,414.4374668211397,83.07698182790072,0.0,0.0
17.2437863228442,539.3650148094425,49.60445452554008,1.0,0.0
32.41913561566063,148.8683244483769,81.0988299477125,0.0,0.0
31.747409051553205,192.02335905311244,94.58476273206489,0.0,0.0
33.04685587557792,436.21601602114436,113.58108820680472,1.0,0.0
15.549304048323737,260.55457761646306,90.42514873941744,0.0,0.0
27.831119680574876,499.5471191227025,97.10113490902624,0.0,0.0
20.53561376481245,561.0847361469862,66.00578385527285,0.0,0.0
13.91092606677715,408.0098630972658,28.120688258856383,0.0,0.0
19.26605367667227,369.4914953068885,61.43315500664946,0.0,0.0
30.899503012805145,125.5778591558883,67.26977307375341,0.0,0.0
19.332732906993826,218.72988585386645,87.30047119981998,1.0,0.0
31.916340066458627,302.4938970172114,120.01277953777134,0.0,0.0
34.06118237355278,572.5112515848602,97.07774442867898,0.0,0.0
16.046307272511292,404.35573663656845,72.04828682522303,0.0,0.0
34.026757936736374,446.5093340200096,85.53966526536139,0.0,0.0
13.747935683719344,149.9000631024301,41.742159356525256,0.0,0.0
31.392411702657142,327.39690381321407,102.81720937474813,0.0,0.0
28.056314209826656,598.4144898494288,98.04125279811149,0.0,0.0
26.93910904605706,546.5990783371091,73.00896521885713,0.0,0.0
28.809363235942,234.02079596346127,75.16055674527344,0.0,0.0
32.63376604890159,471.1629704425593,69.7970785681865,0.0,0.0
14.703028993094033,333.00010526619417,77.23951703138123,0.0,0.0
39.42414749268095,156.48653205317777,944.1035569066187,7.0,10659.337467282021
22.028502546370436,460.1974549166287,73.10122440893693,0.0,0.0
34.05431371186354,374.9613734404954,81.34349153736434,0.0,0.0
19.962618359934336,504.2816155723598,21.20461496676738,0.0,0.0
34.247746304049855,409.51301254386635,65.00909535963494,0.0,0.0
15.197156378650682,257.23525883479687,79.0004556463197,0.0,0.0
14.89477836973241,159.182391374683,71.78656221402673,1.0,0.0
23.540855366521672,364.0130625198144,76.73360842590625,0.0,0.0
26.587544227701397,542.8179644154857,64.20949218204879,0.0,0.0
21.391418819642823,585.5577821314898,88.02806070948346,0.0,0.0
28.51921544385511,225.96941413860498,48.30492696052018,0.0,0.0
19.36350297118406,408.2480930081536,71.64957083317705,0.0,0.0
32.19260456895749,367.1123298862513,67.61299204927099,0.0,0.0
33.242441308564324,488.7712386549687,85.72041250826433,0.0,0.0
10.270941287007458,322.4260448992586,54.85324833759528,0.0,0.0
11.438969000416106,238.67091571352498,68.53009843332244,0.0,0.0
16.09974108447709,379.19298226361065,58.056375736878714,0.0,0.0
12.043975798721798,251.90689706310533,44.48218935214604,0.0,0.0
14.545624180177516,258.57299364993594,39.54085667667421,0.0,0.0
23.858851312785017,236.1816076140132,101.90017846496497,0.0,0.0
24.3618278294978,499.21460942738946,85.64718015482589,0.0,0.0
24.41291188785634,596.0687766476944,113.44829796031382,0.0,0.0
25.02787529358022,199.8160170029181,93.05953394569428,0.0,0.0
14.535885877244933,533.4575982544493,102.93497039756153,0.0,0.0
18.475744776217518,248.17356968132225,50.01744419262723,0.0,0.0
10.359837215743896,388.63136807371876,29.921508093601375,0.0,0.0
14.585112746335845,290.7229039031756,30.979779700480606,0.0,0.0
18.080073300518883,344.35272539993747,115.61696146173901,0.0,0.0
13.350380711266018,398.4827372291195,80.24148538186564,0.0,0.0
29.42867289818592,200.18011579245592,48.181424356504834,0.0,0.0
26.68894346302568,506.8764238920759,110.5687034024985,0.0,0.0
18.09198091010609,379.1794225346686,87.45554371241963,0.0,0.0
26.129319760236246,434.5161507067304,70.32139337488628,0.0,0.0
12.445854016275037,157.71767863440996,78.66982529963873,0.0,0.0
32.40228249808733,232.13172050395679,97.59837102715488,0.0,0.0
15.776869914701784,590.3857580922484,92.08923308001194,0.0,0.0
13.523105624369066,206.67616566112008,45.7520791072428,0.0,0.0
25.23910834949742,225.83338035368416,64.34106009486142,0.0,0.0
19.36531536566178,425.4865197809456,71.71857582269239,0.0,0.0
13.20114597394431,207.09040689390093,96.27244905419931,0.0,0.0
19.00476603528157,525.495949496106,53.918835117095206,0.0,0.0
19.26180256978455,473.6993975732074,100.97779468550672,0.0,0.0
33.26893314008912,324.23680053507616,103.16762842068958,0.0,0.0
30.263833269545824,315.3158211469779,85.79806361684851,0.0,0.0
34.14080082686398,469.5306029777296,92.40968618641789,0.0,0.0
24.810364221551062,358.25579865659347,94.45902690416594,0.0,0.0
10.459766913686668,124.47917751700479,95.2849138622898,0.0,0.0
21.85434572718313,135.93749221985595,62.92347370791401,0.0,0.0
17.050864314282663,215.78037644598965,82.21734073199643,0.0,0.0
17.950086874296595,140.2047310254537,15.926689111454039,0.0,0.0
17.36122230173964,483.96633404593086,93.47026202218757,1.0,0.0
30.436089043461024,482.4201257982136,64.6633709719181,0.0,0.0
35.77114839466533,195.7787881471894,633.2099241366287,16.0,5231.35607826324
340.3056756012626,2.206331148844304,1569.630602052686,0.0,0.0
33.48747353910473,539.0140012206759,65.69483059822367,0.0,0.0
24.023449288384654,283.7989572605551,79.59623861884238,0.0,0.0
28.148891971755983,502.7644903713255,96.01550066261382,0.0,0.0
13.494309415657238,158.84125586460104,58.96282727389226,0.0,0.0
20.605550231174405,137.60228492810063,126.85206674374933,0.0,0.0
21.211138049457993,183.1524888610847,85.60152611160224,0.0,0.0
34.66288121982449,432.4211371426532,89.79535334353446,0.0,0.0
473.22030907556695,0.7571064803936918,3335.378147604116,0.0,0.0
31.934326798198885,452.96746837511455,48.65793952134115,0.0,0.0
25.455451582906527,585.317914720938,72.31744639989428,0.0,0.0
27.83373964711381,231.3346061356682,53.25842296813264,0.0,0.0
33.418249718418366,298.8904881659107,89.4908293303394,0.0,0.0
31.23058526235445,257.7783039239581,63.12740858443689,0.0,0.0
19.19289507648584,244.7057189107967,123.47322497645712,0.0,0.0
33.751549176270125,221.11785072271996,60.188393521177645,0.0,0.0
34.236760831884226,166.40469583042542,70.60363988919822,0.0,0.0
17.521957745419243,366.09048528792414,154.82768919612153,0.0,0.0
21.019068673455706,130.05358129483815,89.38012540266416,0.0,0.0
19.806101127493307,430.78786279420945,74.36064219520014,0.0,0.0
17.774558042891556,156.9375367820204,97.83961565583124,0.0,0.0
16.44854069287889,447.96420655660603,79.21152440674035,0.0,0.0
17.738190407158193,537.0743925497848,74.53228108885257,0.0,0.0
21.4017496054259,134.96790482941665,126.53758941590995,0.0,0.0
23.73822205809339,537.9599526108054,114.96617926261791,0.0,0.0
18.4403792850907,541.976787629839,51.16678479353219,0.0,0.0
32.8711475267025,425.6014474402595,88.36264121201376,0.0,0.0
27.680965857834966,376.948863097244,58.1072980209597,1.0,0.0
12.08751791746672,459.253064105014,93.69775640293835,0.0,0.0
13.487346516301045,569.6782748758839,79.61378257992592,0.0,0.0
13.015896777515021,229.4782905354876,90.39427874427854,0.0,0.0
20.68852545896374,131.71237514713826,61.77368306634263,0.0,0.0
18.73023936531652,541.7423934504759,62.38062696929457,0.0,0.0
31.803097723603788,351.04519278495536,82.99129564797443,0.0,0.0
16.45610970747396,378.79741280412213,53.32174460722749,0.0,0.0
382.2380951738982,2.617218061072382,2329.928761839614,0.0,0.0
10.581798393395646,499.05528342839,85.67985904679212,0.0,0.0
19.954217339773585,578.5606495218856,88.06285263164393,0.0,0.0
23.640419732898373,512.302929581997,84.03758813015254,0.0,0.0
26.499601150854478,156.54281255534409,107.93993839019899,0.0,0.0
11.64271598570881,167.2299118624307,73.21001870354833,0.0,0.0
17.361643988547943,140.7233931825656,97.25496027811967,0.0,0.0
15.124607385395525,235.53250167960238,32.316051060176335,0.0,0.0
16.485585835782313,524.1593053872296,50.906026844734726,0.0,0.0
14.272189684751645,439.15762775386463,43.4958808706855,0.0,0.0
33.572742597812976,573.471370699877,78.06675789986988,0.0,0.0
24.251529252234125,251.34079981519963,69.4133504407037,0.0,0.0
32.83101381391178,572.9356416804475,80.95922456836963,0.0,0.0
10.414695723196404,578.7127191502816,86.30929490624335,0.0,0.0
11.136159508536448,267.80637196377165,101.4014202266513,0.0,0.0
20.635910965410417,524.1759813006822,103.50372596303166,0.0,0.0
30.53143261680032,234.8064500236443,89.61032451181211,0.0,0.0
30.23402888696284,576.414509880197,76.75130407782953,0.0,0.0
30.091801922477863,234.61302996878513,54.31024448378201,0.0,0.0
11.295588420560673,265.5016108537577,78.7939498062185,0.0,0.0
495.4559865132894,1.025796390714484,1827.4343574854352,0.0,0.0
19.194578317981332,511.5998999954965,58.91125419206345,0.0,0.0
15.16053179401508,386.4407756650974,88.78690688098808,0.0,0.0
32.347314576273945,417.4022183509582,57.8842543559999,0.0,0.0
18.00124002576529,353.6010918838574,60.945799335542446,0.0,0.0
13.502829394161314,468.47035679294186,51.762228495189746,0.0,0.0
12.280152576217258,530.104844817398,72.79092601986662,0.0,0.0
34.641261352765014,597.5557548702889,63.816952608531224,0.0,0.0
464.654642536006,1.189806735951367,2870.363006820055,0.0,0.0
31.052973078392718,313.98735439249583,101.75375595791068,1.0,0.0
32.30116387942783,485.29339320097347,83.76575248183897,0.0,0.0
11.626289824631987,171.16716150421047,70.74538443687679,0.0,0.0
13.791871993318779,192.9719295017511,25.747404557204113,1.0,0.0
15.247639827389644,289.5606760809908,74.86009952927384,0.0,0.0
10.662782763540545,462.76172742356533,72.53529669289345,0.0,0.0
24.24724212178291,597.5358322414882,51.151514515083875,0.0,0.0
15.158342960144813,413.270874648476,71.513843107975,0.0,0.0
10.785729642168356,539.8568028884157,82.33894830416573,0.0,0.0
20.798625466052894,391.87422734251066,61.20354635268883,0.0,0.0
14.307996780040746,384.10874023500565,98.1553850560398,0.0,0.0
15.930669793399861,275.6802014953803,60.65995567757748,0.0,0.0
24.890968515196107,367.52612529431894,109.32121186691325,0.0,0.0
32.73301005196955,403.31072009716183,71.95631229041791,0.0,0.0
34.50081438213692,412.9602159892408,67.40684928058339,0.0,0.0
30.1708684816816,134.71320105878692,95.27020682899456,0.0,0.0
32.661802774113674,582.2952535628035,66.04149619946945,0.0,0.0
14.450899171743785,365.86652199008375,91.64810630136154,0.0,0.0
14.80722547021677,140.8380157703132,99.13493711477926,0.0,0.0
34.66598946252938,155.27843871840608,87.52111187361143,0.0,0.0
25.7235711694971,229.6582758390234,100.01455795107447,0.0,0.0
33.40386935401952,447.9817807711225,84.18218283503352,0.0,0.0
31.278416787921422,130.61930473391868,51.61403244888511,0.0,0.0
12.779937057653783,438.62617325846645,11.742811931341755,0.0,0.0
14.237318667152312,354.54873139423955,61.6009138721488,0.0,0.0
22.690259467111375,370.05982909058025,114.51351716420933,0.0,0.0
21.805373129048732,271.33936215869295,56.319708021304415,0.0,0.0
31.61805940637633,329.07999111020786,71.38703323211206,0.0,0.0
25.1678761595714,235.7766996477799,47.85437177787036,0.0,0.0
24.20771508338679,590.9693654531633,41.350507993831286,0.0,0.0
27.56210209967773,446.6396649958623,117.76533431454814,0.0,0.0
28.888778463576216,312.92683853243625,54.74368907464047,0.0,0.0
23.567402078956214,564.1191923595196,61.68247900845222,0.0,0.0
14.040717852365344,454.7863016012561,115.38439223673605,1.0,0.0
24.757373562870193,492.6947743198678,83.59469703874714,0.0,0.0
17.127379217346178,470.71224491483815,76.27219254640045,0.0,0.0
25.154365861272,299.16085998208325,51.50242247227838,0.0,0.0
30.75549661417479,330.91439505333705,59.26841515768028,0.0,0.0
33.76028710191397,216.8896570190152,73.62764998459284,0.0,0.0
27.105825662803923,238.27297595477125,46.45777214666238,0.0,0.0
25.935747537455164,180.0891802572242,41.99943721948235,0.0,0.0
23.004087527799832,369.1592568653847,109.01646489596627,1.0,0.0
11.409387416273178,502.95055145214457,58.12054312564047,0.0,0.0
26.93355000024454,142.2554221026977,888.7263478765467,16.0,8408.407626359458
358.81349243535556,0.6498582521532708,2909.798916889059,0.0,0.0
25.18862129753596,280.4370675921412,54.54502791444232,0.0,0.0
30.430555005030396,528.579318743409,49.83643586800898,0.0,0.0
16.212228495361643,494.7655613128511,44.72070176798047,0.0,0.0
32.363805672352285,362.8092926168779,72.91405075524098,0.0,0.0
11.764218685010746,460.34904933643986,47.740023063928845,0.0,0.0
16.835176798267657,485.8968646927756,56.377433879838776,0.0,0.0
33.7651786734389,419.02396011047176,74.33985607602682,0.0,0.0
30.563431073079226,444.7264251730783,85.17630717811338,0.0,0.0
16.05138178778751,203.4697196253539,107.02540904337782,0.0,0.0
19.077057409965878,504.17112375473357,92.95464314269836,0.0,0.0
31.121882774236365,207.41659953057564,99.23643001316842,0.0,0.0
20.365603093175594,160.70016770198555,59.56867033632692,0.0,0.0
26.792517110146417,155.13404340885296,70.15434653067992,0.0,0.0
19.389573815998602,222.29025793204,87.78006498812452,0.0,0.0
34.62102997405836,338.1011205887812,104.8527350761843,0.0,0.0
12.6793002834944,594.137049703146,52.484481633803284,0.0,0.0
29.8506297317574,170.71904844563707,59.98941085653237,0.0,0.0
10.933704718730361,492.76648934003606,34.95085470257079,0.0,0.0
10.838310868394485,147.91862184262837,75.35682669591085,0.0,0.0
13.760422277588205,495.54503234797124,93.85728324533936,0.0,0.0
10.762506248476235,536.9391206186931,76.88584097253982,0.0,0.0
23.24126445890016,350.68155711679105,107.92787668349663,0.0,0.0
10.283841119185476,525.2018155052147,102.52399087496428,0.0,0.0
19.668383657513434,316.0575422739354,139.73909105046533,0.0,0.0
23.84635711003302,576.8696570031548,73.71515691028785,0.0,0.0
29.306119232416435,454.76172827848313,116.53148036369674,1.0,0.0
17.328693256525334,178.32066062444068,47.086889001283524,0.0,0.0
437.8175307496459,1.5726559232566648,2565.9958920040563,0.0,0.0
14.091398571642612,453.5765226731816,70.22740520681754,0.0,0.0
23.40240915860301,416.5666752965826,79.86840486796937,0.0,0.0
21.038262534334425,333.74652240127944,89.02298619853097,1.0,0.0
18.187433804447867,169.97263170439984,62.16966083821037,0.0,0.0
10.6591743624313,143.1417786530669,87.90445717787397,0.0,0.0
23.880020289986557,357.6703329667077,103.49696402822613,0.0,0.0
23.588821527849717,184.87981879431493,68.82435748135008,0.0,0.0
33.31821208385033,171.16465454783554,98.82812613440217,0.0,0.0
12.005843641541055,389.9024716213967,69.41994363412988,0.0,0.0
18.379931041147522,309.34861371361694,99.47145126954489,0.0,0.0
17.534446854103553,361.23171670245233,63.69774167917299,0.0,0.0
34.396301986563365,326.5468295517421,74.0740800737897,0.0,0.0
308.0277718170733,2.063325424886135,1626.041934005523,0.0,0.0
18.833805700651318,205.03189893474524,71.21816790866221,0.0,0.0
34.76262855001683,243.68778648538256,94.83721801380533,1.0,0.0
12.120942852129797,233.3042224063027,90.95127753601894,1.0,0.0
22.46105497322643,549.2116198387768,94.6151071974506,0.0,0.0
16.193274737528938,359.4663136566509,73.48347965463448,0.0,0.0
11.019378538869098,247.48802044257891,75.60548641681895,0.0,0.0
14.530826654141503,541.4276738136334,40.92064988517974,0.0,0.0
22.554875258281065,154.20322932732412,85.98753076550565,0.0,0.0
26.24909826944413,251.6232971273616,100.02615231417853,0.0,0.0
34.68190323287361,537.9616561618843,95.01023813069206,0.0,0.0
32.25659459727291,443.2475679959603,82.13885187144142,0.0,0.0
16.71693398462365,403.366891420211,80.1816832349736,0.0,0.0
28.240154458451602,283.13998260867174,112.31721422398805,0.0,0.0
16.256072454114882,259.99803778046555,77.87565197868543,0.0,0.0
29.740453569863845,206.8689373005551,72.25975490185422,0.0,0.0
14.065423483622283,566.8553738433493,98.68816155307144,0.0,0.0
19.25396750638611,418.039448528389,72.73666794239598,0.0,0.0
33.20796406469313,538.3376669531406,79.76249199447666,0.0,0.0
33.738015591441055,243.25275250584383,74.76749197153464,0.0,0.0
18.52665877625646,467.2416545705208,79.8596075394334,0.0,0.0
28.878431391840476,411.7944445408534,95.17806491593277,0.0,0.0
32.77317961234606,450.97284049514934,55.678058304409774,0.0,0.0
16.921941203680092,165.85695064064072,111.31168836176863,0.0,0.0
24.64438953183658,504.8294798735001,75.47124057362119,1.0,0.0
18.134992453981695,519.4244054197161,82.08219678865355,0.0,0.0
15.233733083417757,200.64681971753444,46.52917205548077,0.0,0.0
18.961643213606813,273.16822715676267,72.49614808800118,0.0,0.0
33.23439972818964,565.0453533501372,65.62009049190158,0.0,0.0
29.019626215422434,273.0012014073935,93.42109742731083,0.0,0.0
34.65526861199007,447.95905357903,10.0,0.0,0.0
24.335947203082153,423.14890564440987,82.00402897049017,0.0,0.0
25.605949897849804,383.77417722960814,58.81145485912102,0.0,0.0
32.50974873227161,234.9067330681554,585.0563854892412,7.0,7936.4359150592045
31.676807964502594,327.5207045004489,51.81617164523565,0.0,0.0
423.8779938733004,2.1845972456750116,3822.148874613914,0.0,0.0
24.12832958973022,244.71034019761643,72.96193317245886,0.0,0.0
12.838939804990726,417.35536608461496,90.88545075523066,0.0,0.0
12.901816012672906,124.69000676120815,35.39660142486276,0.0,0.0
23.568111083689907,419.4700014199865,74.69777630384864,0.0,0.0
23.394367101868962,377.7477229888385,64.90878841895008,0.0,0.0
20.01907652188315,159.44240038868514,87.51664303453025,0.0,0.0
17.142802157046518,138.88489952088463,102.14465812348368,0.0,0.0
33.85127568146806,234.02118281967716,55.77144125531754,0.0,0.0
32.37068376069122,471.46794547658936,102.21871549260464,0.0,0.0
42.72669181805867,247.15701216241635,1373.6185287372155,7.0,7793.314370175891
16.18370254357994,453.82425921113384,98.43925344066396,0.0,0.0
10.633768585386438,268.9737402833154,77.06099382336258,0.0,0.0
34.029764095597855,372.6732772493343,74.16925023388848,0.0,0.0
19.597280534330284,132.38971533575375,127.49304472916288,0.0,0.0
13.228985378787375,335.3729388588147,55.93188053584464,0.0,0.0
11.94336592412462,522.2953390310929,103.34425242167661,0.0,0.0
13.833785077902006,517.2181898720996,105.89455479555386,0.0,0.0
18.77287531380197,292.43201731188753,92.4238601127684,0.0,0.0
27.8044805336884,197.16475010318794,63.384567567540174,0.0,0.0
30.546501482258904,182.81935714480792,78.57357736909267,0.0,0.0
11.132600244301113,170.1925633605121,50.3205118212204,0.0,0.0
34.24785994536508,541.6874694246469,83.78620518853957,1.0,0.0
23.30283713163289,358.4480922524013,116.06682383139909,0.0,0.0
19.652565945019354,428.917293694332,77.71399264441308,0.0,0.0
11.452090304204987,369.080498535762,52.812695554947496,0.0,0.0
28.15228334306654,449.07133786990624,59.705772727367865,0.0,0.0
23.07744610425372,536.6007813696106,106.54803751784979,0.0,0.0
27.67143359619043,573.2479147744483,50.040364020292714,0.0,0.0
12.429412344269213,598.6197600757014,66.26708009704507,0.0,0.0
16.31092360860052,382.4147581027536,52.44871114106224,0.0,0.0
31.78651475469294,474.0395047626679,65.82430402291695,0.0,0.0
431.8845924163995,1.132565852300633,3623.616015564339,0.0,0.0
24.74794217136583,123.63017998950822,62.27590935731253,0.0,0.0
14.664251472150896,173.02757430306943,77.15359707615937,0.0,0.0
12.954120690541407,386.574504450063,45.159079206087995,0.0,0.0
14.223376576804114,576.6736042591954,77.21643977403593,1.0,0.0
18.98727878049388,434.16538285494494,72.38876953656322,0.0,0.0
12.48603481898363,565.480147356504,49.26571229544821,0.0,0.0
28.271686880091107,512.3758600757719,86.55431665204857,1.0,0.0
11.021715406661972,423.91266028513076,105.90326804515544,0.0,0.0
30.071336214950286,340.5344488348736,77.1329535641256,0.0,0.0
26.56305710884955,163.95939519678439,90.77029211386943,0.0,0.0
29.789476093146213,586.269645139987,64.09035273683578,1.0,0.0
10.917080072264948,411.4051373226148,84.41023815243791,1.0,0.0
13.409286889669243,578.6513740583687,101.50524768747199,0.0,0.0
12.943777072253528,468.70162325424235,95.46944109387152,0.0,0.0
23.427663545463695,275.21834981545,68.4277292697933,0.0,0.0
26.473098547753786,584.8746132453042,65.19968400202175,0.0,0.0
33.65288655334082,303.33102703339,85.52432360973475,0.0,0.0
13.8214784796083,441.35373849513127,113.7255037873797,1.0,0.0
18.5454337924469,341.05895869158724,81.50701266457216,0.0,0.0
31.71169939744782,512.5369583313336,37.586768622748025,0.0,0.0
16.99834742364857,139.01703616721142,56.20076670652952,0.0,0.0
20.223823610356746,308.3969070752087,82.97936276047952,1.0,0.0
33.50575603562394,282.9360924205469,92.70536058141393,1.0,0.0
27.4253935248817,159.5429018956045,98.75768979933939,1.0,0.0
13.5021003809131,198.53943417200122,94.99854754855124,0.0,0.0
17.974390757344032,281.7099800501313,53.34562879463748,0.0,0.0
26.285509708796607,504.03406497559655,100.44153667108756,0.0,0.0
14.46361655135834,435.1097315191213,78.58471168355628,0.0,0.0
29.378320584027865,380.1124547416119,51.014019081913005,0.0,0.0
19.356769893903007,201.48379444201956,29.973556646181528,1.0,0.0
25.293018655858805,593.5980447682302,75.53279121679856,0.0,0.0
